{
  "desiredOutflow": 245368.8,
  "onTrackPercentage": 0.37483978271484375,
  "affordableDrawdown": 347.0716516113281,
  "affordableLumpSum": 0,
  "affordableRemainingAmount": 0,
  "affordableOutflow": 91973.98767700195,
  "surplusOrShortfall": 153394.81232299804,
  "valueAtRetirement": 0.07741928261073262,
  "totalAffordableDrawdown": 91973.98767700195,
  "projectedGoalAgeTotal": 73093.11048848694,
  "possibleDrawdown": 347.0718785441286,
  "marketUnderperform": {
    "desiredOutflow": 245368.8,
    "onTrackPercentage": 0.36944580078125,
    "affordableDrawdown": 342.077255859375,
    "affordableLumpSum": 0,
    "affordableRemainingAmount": 0,
    "affordableOutflow": 90650.47280273437,
    "surplusOrShortfall": 154718.32719726564,
    "valueAtRetirement": 0.25640099215629014,
    "totalAffordableDrawdown": 90650.47280273437
  },
  "projections": [
    {
      "month": 0,
      "projectedValue": 250000,
      "contributionLine": 1000,
      "lowerBound": 250000,
      "upperBound": 250000
    },
    {
      "month": 1,
      "projectedValue": 251422.32845197053,
      "contributionLine": 1624,
      "lowerBound": 235465.81038991973,
      "upperBound": 266368.48354157555
    }
  ]
}
